<?xml version="1.0" encoding="UTF-8"?>
<configuration>
    <appender name="STDOUT" class="ch.qos.logback.core.ConsoleAppender">
        <encoder>
            <pattern>[%-5level] %logger{35} - %msg%n</pattern>
        </encoder>
    </appender>
    <appender name="FILE" class="ch.qos.logback.core.FileAppender">
        <append>false</append>
        <file>application.log</file>
        <encoder>
            <pattern>%d [%-5level] %logger - %msg%n</pattern>
        </encoder>
    </appender>
    <root level="WARN">
        <appender-ref ref="STDOUT"/>
        <appender-ref ref="FILE"/>
    </root>
    <logger name="com.weremain.fund" level="${logging.level}"/>
</configuration>
